<?xml version="1.0" encoding="UTF-8"?>
<configurationDescriptor version="90">
  <logicalFolder name="root" displayName="root" projectFiles="true" kind="ROOT">
    <df root="." name="0">
      <df name="src">
        <in>main.c</in>
        <in>source.c</in>
      </df>
      <df name="test">
        <in>test_source.c</in>
        <in>tmc-check.c</in>
      </df>
    </df>
    <logicalFolder name="ExternalFiles"
                   displayName="Important Files"
                   projectFiles="false"
                   kind="IMPORTANT_FILES_FOLDER">
      <itemPath>Makefile</itemPath>
    </logicalFolder>
  </logicalFolder>
  <sourceFolderFilter>^(nbproject)$</sourceFolderFilter>
  <sourceRootList>
    <Elem>.</Elem>
  </sourceRootList>
  <projectmakefile>Makefile</projectmakefile>
  <confs>
    <conf name="Default" type="0">
      <toolsSet>
        <compilerSet>default</compilerSet>
        <dependencyChecking>false</dependencyChecking>
        <rebuildPropChanged>false</rebuildPropChanged>
      </toolsSet>
      <codeAssistance>
      </codeAssistance>
      <makefileType>
        <makeTool>
          <buildCommandWorkingDir>.</buildCommandWorkingDir>
          <buildCommand>${MAKE} -f Makefile</buildCommand>
          <cleanCommand>${MAKE} -f Makefile clean</cleanCommand>
          <executablePath>src/main</executablePath>
        </makeTool>
      </makefileType>
      <item path="src/main.c" ex="false" tool="0" flavor2="2">
        <cTool>
        </cTool>
      </item>
      <item path="src/source.c" ex="false" tool="0" flavor2="2">
        <cTool>
        </cTool>
      </item>
      <item path="test/test_source.c" ex="false" tool="0" flavor2="2">
        <cTool>
        </cTool>
      </item>
      <item path="test/tmc-check.c" ex="false" tool="0" flavor2="2">
        <cTool>
        </cTool>
      </item>
    </conf>
  </confs>
</configurationDescriptor>
